id,name,model_id:id,group_id:id,perm_read,perm_write,perm_create,perm_unlink
access_camp_camp_reg,camp.camp registration,model_camp_camp,group_camp_registration,1,0,0,0
access_camp_camp_fu,camp.camp followup,model_camp_camp,group_camp_followup,1,0,0,0
access_camp_camp_ph,camp.camp pharmacist,model_camp_camp,group_camp_pharmacist,1,0,0,0
access_camp_camp_coord,camp.camp coordinator,model_camp_camp,group_camp_coordinator,1,1,1,0
access_camp_camp_lead,camp.camp lead,model_camp_camp,group_camp_lead,1,1,1,1
access_camp_team_reg,camp.team.member registration,model_camp_team_member,group_camp_registration,1,0,0,0
access_camp_team_fu,camp.team.member followup,model_camp_team_member,group_camp_followup,1,0,0,0
access_camp_team_ph,camp.team.member pharmacist,model_camp_team_member,group_camp_pharmacist,1,0,0,0
access_camp_team_coord,camp.team.member coordinator,model_camp_team_member,group_camp_coordinator,1,1,1,1
access_camp_budget_coord,camp.budget.line coordinator,model_camp_budget_line,group_camp_coordinator,1,1,1,1
access_camp_edu_reg,camp.education.session registration,model_camp_education_session,group_camp_registration,1,1,1,0
access_camp_edu_fu,camp.education.session followup,model_camp_education_session,group_camp_followup,1,0,0,0
access_camp_edu_ph,camp.education.session pharmacist,model_camp_education_session,group_camp_pharmacist,1,0,0,0
access_camp_edu_coord,camp.education.session coordinator,model_camp_education_session,group_camp_coordinator,1,1,1,1
access_camp_patient_reg,camp.patient registration,model_camp_patient,group_camp_registration,1,1,1,0
access_camp_patient_fu,camp.patient followup,model_camp_patient,group_camp_followup,1,0,0,0
access_camp_patient_ph,camp.patient pharmacist,model_camp_patient,group_camp_pharmacist,1,0,0,0
access_camp_patient_lead,camp.patient lead,model_camp_patient,group_camp_lead,1,1,1,1
access_camp_visit_reg,camp.visit registration,model_camp_visit,group_camp_registration,1,1,1,0
access_camp_visit_fu,camp.visit followup,model_camp_visit,group_camp_followup,1,0,0,0
access_camp_visit_ph,camp.visit pharmacist,model_camp_visit,group_camp_pharmacist,1,1,0,0
access_camp_visit_lead,camp.visit lead,model_camp_visit,group_camp_lead,1,1,1,1
access_camp_vitals_nurse,camp.vitals nurse,model_camp_vitals,group_camp_nurse,1,1,1,0
access_camp_vitals_lead,camp.vitals lead,model_camp_vitals,group_camp_lead,1,1,1,1
access_camp_flag_reg,camp.flag.rule registration,model_camp_flag_rule,group_camp_registration,1,0,0,0
access_camp_flag_fu,camp.flag.rule followup,model_camp_flag_rule,group_camp_followup,1,0,0,0
access_camp_flag_ph,camp.flag.rule pharmacist,model_camp_flag_rule,group_camp_pharmacist,1,0,0,0
access_camp_flag_lead,camp.flag.rule lead,model_camp_flag_rule,group_camp_lead,1,1,1,1
access_camp_spec_reg,camp.speciality registration,model_camp_speciality,group_camp_registration,1,0,0,0
access_camp_spec_fu,camp.speciality followup,model_camp_speciality,group_camp_followup,1,0,0,0
access_camp_spec_ph,camp.speciality pharmacist,model_camp_speciality,group_camp_pharmacist,1,0,0,0
access_camp_spec_coord,camp.speciality coordinator,model_camp_speciality,group_camp_coordinator,1,1,1,1
access_camp_dose_reg,camp.dose.template registration,model_camp_dose_template,group_camp_registration,1,0,0,0
access_camp_dose_ph,camp.dose.template pharmacist,model_camp_dose_template,group_camp_pharmacist,1,0,0,0
access_camp_dose_lead,camp.dose.template lead,model_camp_dose_template,group_camp_lead,1,1,1,1
access_camp_dx_reg,camp.diagnosis.code registration,model_camp_diagnosis_code,group_camp_registration,1,0,0,0
access_camp_dx_fu,camp.diagnosis.code followup,model_camp_diagnosis_code,group_camp_followup,1,0,0,0
access_camp_dx_ph,camp.diagnosis.code pharmacist,model_camp_diagnosis_code,group_camp_pharmacist,1,0,0,0
access_camp_dx_lead,camp.diagnosis.code lead,model_camp_diagnosis_code,group_camp_lead,1,1,1,1
access_camp_form_reg,camp.formulary registration,model_camp_formulary,group_camp_registration,1,0,0,0
access_camp_form_ph,camp.formulary pharmacist,model_camp_formulary,group_camp_pharmacist,1,0,0,0
access_camp_form_lead,camp.formulary lead,model_camp_formulary,group_camp_lead,1,1,1,1
access_camp_consult_doctor,camp.consultation doctor,model_camp_consultation,group_camp_doctor,1,1,1,0
access_camp_consult_ph,camp.consultation pharmacist,model_camp_consultation,group_camp_pharmacist,1,0,0,0
access_camp_consult_lead,camp.consultation lead,model_camp_consultation,group_camp_lead,1,1,1,1
access_camp_rx_doctor,camp.prescription.line doctor,model_camp_prescription_line,group_camp_doctor,1,1,1,1
access_camp_rx_ph,camp.prescription.line pharmacist,model_camp_prescription_line,group_camp_pharmacist,1,1,0,0
access_camp_referral_doctor,camp.referral doctor,model_camp_referral,group_camp_doctor,1,1,1,0
access_camp_referral_fu,camp.referral followup,model_camp_referral,group_camp_followup,1,1,0,0
access_camp_referral_lead,camp.referral lead,model_camp_referral,group_camp_lead,1,1,1,1
